CustomerId,churn_probability
15749540,0.056425246449146746
15807340,0.16776615700783237
15801062,0.11509538791137161
15572801,0.13905667433145402
15600708,0.2516616542548188
15703544,0.4555798996370374
15704081,0.07496315312168528
15801788,0.41464273275769165
15592222,0.720589011088977
15584338,0.19166327180176723
15730793,0.7793476731836557
15625819,0.5550845131048727
15601387,0.03195120846991477
15761525,0.12833014907877346
15766649,0.24840804679785944
15591179,0.03583210147358124
15734005,0.17266773241624
15687270,0.29209676602975776
15646764,0.8682038344070815
15610930,0.5831567784516261
15656683,0.9268087981818042
15790412,0.04318570793364943
15589437,0.13527656521819037
15622631,0.5310995452656977
15768295,0.20140694352436106
15768006,0.24034281274295904
15619045,0.17630197051722496
15694805,0.1948320816083526
15665064,0.21696509290565424
15756535,0.3828021401403476
15750803,0.17940814366051017
15627665,0.7724416477863139
15749472,0.7691254744843105
15640917,0.07137415915559146
15578866,0.5395442461325004
15622518,0.22392810410270722
15685872,0.15416928686570186
15625126,0.13182098067822332
15752809,0.5701246804321365
15585580,0.5477832438671867
15738546,0.15543315855605283
15737080,0.06673665435589611
15644400,0.5525513931535535
15745844,0.2709862892614653
15581332,0.08366723576329169
15640491,0.14454471576713332
15673837,0.3844210202425486
15768163,0.8536744689672107
15607786,0.11703410636013908
15668283,0.9468341176776705
15592379,0.35760431814570204
15574369,0.36668600159040343
15641122,0.05021687468105888
15664204,0.03834693684143401
15736730,0.6590760718664797
15620344,0.37936035252585487
15648702,0.24868330145968193
15780770,0.15008996901315846
15679075,0.2723950703493188
15697567,0.02735530752288505
15678571,0.03425995040812361
15639217,0.044936051462021044
15654673,0.7231114211686184
15718454,0.18934926691291423
15618695,0.2193107272270212
15690153,0.24546382413316487
15662488,0.20069743347390123
15775153,0.2478179526205317
15697283,0.0311877350005099
15642099,0.06464642152562164
15677184,0.24010819636363645
15640507,0.8596760853860048
15615029,0.33245998619968065
15596175,0.36451673961447817
15719508,0.9509712416082876
15595917,0.22716797702661395
15765297,0.09799842310019878
15607178,0.18835482789081665
15775082,0.18880488817248492
15585985,0.6784884153816808
15648735,0.0822588863768945
15737169,0.15325423213418113
15731148,0.13144306558972363
15592707,0.2274612285996812
15766047,0.2898173957967385
15752588,0.036705589219454535
15808851,0.38142065488297594
15791111,0.5918999192236076
15775108,0.08712376891175438
15621083,0.30727390809013344
15781574,0.0789774545022843
15775562,0.07945511245946668
15772216,0.3615603977066082
15632899,0.11302163522403323
15786196,0.9500522646002207
15619529,0.22433246722777805
15683930,0.11946909289105133
15576044,0.37071240593562554
15574886,0.13180417684393791
15797227,0.02073035194564174
15813917,0.44999153408303405
15809906,0.10465650795290105
15757661,0.1441086472053078
15804919,0.4130288066633913
15571261,0.22745874761180362
15727361,0.26115094846230436
15788930,0.26266307259927324
15812750,0.12290938294864343
15774510,0.1637575800423853
15660211,0.17096945512233377
15709737,0.13725432244635713
15710295,0.4452258985299543
15788539,0.25924583767191467
15635776,0.39489197702114154
15779207,0.12876739125487474
15611729,0.512213411237769
15705620,0.17048098031625664
15572735,0.03719127852001484
15646366,0.6210470254600138
15733872,0.14785825976033204
15686913,0.43903909293563587
15628558,0.4061305380307919
15770539,0.09553761916102241
15778481,0.4196575442418846
15679743,0.2111604831867792
15731890,0.290504120756029
15763895,0.20897301127450782
15600879,0.2519530783203663
15599403,0.27478784935456857
15630413,0.11855388960817315
15746594,0.37783922361820715
15574213,0.4693266065487604
15685536,0.07147168415273256
15750049,0.39064729146088845
15672467,0.5165644366656227
15641595,0.3201121185279972
15708357,0.5167170722867178
15619116,0.10073774384288164
15661349,0.033131254240140254
15652999,0.32174391433968696
15602909,0.20992071573699222
15622911,0.31893118288019856
15570134,0.22247860567868116
15797822,0.14040281184058265
15730137,0.2000124574457035
15648069,0.07682868852428061
15802390,0.07026111219466576
15693382,0.21105823654540662
15578878,0.19401662370624712
15795933,0.19513132492366086
15574795,0.3182275698325336
15690164,0.42548756673211197
15706463,0.10827974217298897
15635256,0.11046832001054523
15630913,0.4114607489497397
15716236,0.040143230902250374
15757865,0.08676370619047113
15672082,0.6544302678539702
15699507,0.040024578161984306
15800805,0.1642391614461512
15792222,0.3009897195631521
15613140,0.29252015767579786
15590349,0.4056810533902703
15663410,0.8990371294112267
15592104,0.6029325961755337
15689152,0.32704312498700694
15677783,0.2936681917933404
15751628,0.43889099606682724
15658360,0.17295971904397023
15716041,0.04802478635635571
15603323,0.07953030420090568
15724834,0.07911909745082646
15720529,0.03409519817605057
15677369,0.4415871238849761
15701164,0.2190098626107237
15637366,0.15715087409622053
15780628,0.06885000625590627
15589323,0.039044861825191166
15753161,0.28142310280506355
15657386,0.3303184201208023
15634949,0.07371640076680977
15752097,0.3044004388435071
15599126,0.43469619875024856
15571193,0.6487769839226717
15716781,0.19784548812716796
15774328,0.18094862925850005
15628767,0.40929742866090046
15613048,0.5708112410050578
15631756,0.1996571344136727
15723894,0.609568526723803
15782121,0.07316489780568354
15609545,0.22454733596356447
15675675,0.23559717548362585
15801658,0.5239273746279306
15629787,0.08936830011994407
15570908,0.21914292808605376
15739438,0.05591061405911288
15641662,0.2840003039787159
15804950,0.12157769300381711
15779738,0.24294534341976343
15792668,0.27888563812394007
15748552,0.394853206265042
15773512,0.40534785237503135
15793366,0.09309268658221824
15683841,0.2133639022713133
15567897,0.27804117572740245
15570051,0.23988028293942038
15762238,0.4911470619912817
15579548,0.05509138833670571
15644132,0.17929360883570142
15598046,0.2574301107875953
15778463,0.3407562620269774
15799479,0.20902182011898274
15696047,0.1388689025258728
15784180,0.5183820983442822
15737025,0.7433601069369359
15801395,0.23112686764936005
15732774,0.25728807644050666
15768455,0.08581570920721197
15712303,0.24346128076313572
15639662,0.10681455688209099
15791767,0.06410583325359212
15679587,0.1895334156522731
15814846,0.927947503641936
15599660,0.12003401679646818
15641009,0.26568062330103803
15747762,0.1981174649485139
15705899,0.15888421984765283
15691483,0.07783681556500091
15681206,0.7565463002123456
15657779,0.022552894947860745
15695339,0.9504300927947791
15704583,0.9384512417643125
15621815,0.5049038082411288
15668009,0.048547557818971215
15621116,0.5073103677431408
15633064,0.11627586835942508
15628008,0.2991691086623616
15732020,0.5390848828931942
15578375,0.0703156309859346
15734948,0.02664794452682334
15596984,0.3123216097983132
15725221,0.47786723322057967
15617603,0.09361613651962582
15607537,0.8443761546049187
15793803,0.17544178403006094
15742820,0.2678508575948864
15592451,0.027729880411190566
15696989,0.987635993335213
15746564,0.2875029484206755
15800845,0.21207507781188156
15626012,0.2291943779805058
15750658,0.6322772517807258
15720559,0.9577416995475209
15618182,0.14410826699980692
15624471,0.053490544541058525
15802351,0.12955708725191467
15762937,0.16096777877213658
15736327,0.4770827816388158
15798666,0.07070369524127848
15734610,0.9150419317061841
15702669,0.36582079770718495
15642391,0.9352795972170542
15693233,0.1485622929228132
15652981,0.3944630373431798
15807245,0.23520405825772506
15757895,0.41869255864160904
15768120,0.11497803574338977
15599124,0.07133180923795022
15646372,0.8899147597705742
15787151,0.0565806625466995
15688395,0.040603067062359374
15611644,0.13947992676188253
15692317,0.04391117492833656
15723717,0.6656314466835553
15700325,0.19588895530093603
15769412,0.2883284667274153
15589969,0.3050369829880813
15710257,0.2958706825072185
15623695,0.053345536780060376
15671148,0.16468557092342284
15649858,0.14966520957255927
15660385,0.07226032255466412
15622494,0.043395148748545
15599792,0.04463204352203071
15734578,0.6721024998775826
15698522,0.26794159772325915
15807003,0.41807302913068384
15767864,0.05640734140686439
15754605,0.11063291006240825
15672826,0.09457656093406837
15734161,0.11634714815746211
15602010,0.7977685360039114
15610147,0.1619835668417554
15651958,0.018529114673080695
15605916,0.8977659339476003
15811927,0.3330172996910631
15733032,0.09734170513554954
15650098,0.12178192305467248
15762543,0.07651619209984492
15679284,0.6880013484551061
15795936,0.2269195055250411
15724623,0.5357758306289748
15759387,0.4196942643298407
15583736,0.12340096513429137
15789548,0.09108166402872643
15696141,0.42488836730562035
15776454,0.8494374991171961
15577107,0.5862926202629164
15622033,0.9347103204901506
15743570,0.06014154563580314
15713378,0.0837547137416299
15692583,0.07797367024026737
15705403,0.4974058570680061
15703399,0.1438782872209551
15786539,0.024363905622570643
15610042,0.20547189011275035
15596303,0.19378950262384348
15742116,0.6611813367241388
15759805,0.0715746685824675
15572547,0.7067869914997336
15599272,0.17610367293599832
15775880,0.04536072532016166
15698184,0.5991784639009164
15740442,0.8783978953554104
15723028,0.04429046355749925
15680278,0.5499504078067871
15586243,0.33204874452291433
15755648,0.18655000607820538
15591344,0.05472804654849544
15600357,0.327939562370381
15678910,0.16505878753388015
15711299,0.7934148937002743
15675431,0.06844000784029275
15576216,0.5909370764778803
15755196,0.6712264963795211
15789815,0.07540041953553764
15593683,0.0671069456388811
15806808,0.9903082215827916
15640377,0.13847194233285265
15670343,0.031560205441880304
15738448,0.15411851842110047
15571121,0.5591791801674426
15756425,0.2155757696668309
15733361,0.7800505650147104
15748597,0.4523836765455721
15574305,0.17490598299259544
15804131,0.6913002305438006
15595153,0.5496726529819471
15582492,0.31076826281387826
15740878,0.04146653297567868
15617705,0.3668921788100919
15756848,0.37646531272091527
15748499,0.4274815200782405
15699492,0.48005522447892335
15578435,0.2168955713693575
15712536,0.10195909115358778
15711062,0.17061917054420445
15787459,0.4178611905099977
15611287,0.06358165282449271
15809901,0.055902026041536546
15677217,0.24887276890531915
15608387,0.07626514290510947
15651581,0.8714618761677073
15696506,0.21580940930173131
15609458,0.1268791684314582
15639049,0.17212953033244238
15640266,0.23570288446538154
15760641,0.3860253487374603
15575399,0.328481422171394
15581871,0.21470545273500347
15790204,0.36386172348995394
15771856,0.07767707271550267
15761763,0.23492242307421365
15698031,0.30696911346238764
15789611,0.8138223076500031
15770711,0.3566094063917454
15791191,0.4165675652487538
15615931,0.12053520307199
15738627,0.02630427294740032
15571476,0.25707826300525827
15575486,0.05278960659703634
15695168,0.07550288864297303
15735221,0.2359775181557066
15664734,0.15327612842604524
15700511,0.12446666272815218
15617252,0.26665104071491424
15703292,0.0672067055362881
15761132,0.3955288286715109
15764170,0.7473529783297268
15770255,0.32745435620495755
15576706,0.4736914928422558
15718765,0.5092961570816006
15631848,0.2066186635752074
15624820,0.9684129229476237
15802009,0.059036424651662534
15714567,0.08237555504639676
15713347,0.7227557467558224
15568904,0.36249679108753563
15681509,0.05226475551157121
15777923,0.21555953086058366
15759290,0.03171348378081185
15807993,0.6397987427725366
15568032,0.824551768129038
15789095,0.0333076485345136
15590177,0.4872316935658349
15782591,0.2612768351930918
15696539,0.11287943724531765
15661903,0.6762677904462635
15645511,0.3150754318854688
15590320,0.059237234507538004
15775116,0.043042055015164504
15716728,0.152820190376398
15570931,0.9408311147778978
15784099,0.359564357269167
15716276,0.2787360599394785
15757931,0.037080371089769186
15786078,0.05230991737421885
15613102,0.31191614526228945
15711352,0.09071776521816005
15771383,0.7596592774608197
15801218,0.5008241162075202
15730673,0.66458176344388
15626795,0.6260928063074391
15705765,0.24578209726100725
15654067,0.07289424558815123
15644212,0.061774922361101874
15734311,0.05531791988682226
15637644,0.05417596756811817
15751336,0.03432831311476775
15691808,0.5042042138210453
15626474,0.07097359374151609
15602811,0.09392210365815463
15625944,0.38251005594266807
15566211,0.7190872480827044
15606076,0.6037351587678865
15614215,0.15781010476626153
15713479,0.07018249645233603
15796480,0.10227643580111803
15704987,0.9153157888779594
15749328,0.22786527255703418
15808621,0.060630267024662884
15601627,0.22186805584292857
15665177,0.10358581289200453
15747960,0.24239607213767905
15806546,0.8002850847177964
15589715,0.9245834240756788
15800049,0.5347116735487064
15601030,0.38225583582867456
15702462,0.5512897233596793
15572374,0.04550992104541955
15766734,0.38732804726785
15772329,0.820546435301647
15692819,0.509901820532334
15580249,0.7718339103482138
15798885,0.36134136485486945
15673223,0.14699066031727406
15770995,0.8543740066265402
15720071,0.8675825414303021
15781589,0.17094331537752544
15808182,0.22739380603658968
15743007,0.7719456314154018
15615797,0.7037106325788057
15661249,0.16755205197303208
15809847,0.1772506616173971
15606436,0.08105615892729823
15699325,0.7595138532554443
15761018,0.6045123168008806
15567335,0.1461764430040401
15711251,0.7089194416156824
15801863,0.1285405859826962
15672912,0.2951898960231317
15707505,0.17771381977723025
15778915,0.1395782290281857
15723064,0.2541091409627075
15594864,0.1747596631009169
15679991,0.07074470389325785
15799128,0.23822513300069903
15685300,0.1803290116957323
15813850,0.6158362834316079
15778049,0.5203900433324105
15811594,0.18279842523146111
15593496,0.3509416259314335
15637829,0.07524054446503596
15805260,0.9529631161796023
15566380,0.08010357126637214
15738148,0.8832570424632483
15638269,0.0809632043512111
15580956,0.66446516890115
15567991,0.10828482050798902
15594340,0.39902406658801054
15805151,0.10167298848399778
15684103,0.06071818986362007
15653521,0.5808088340350056
15599433,0.25752001170505184
15628886,0.42230370052814864
15806447,0.140834208097896
15609987,0.43235096801640294
15664214,0.13621146080245883
15592229,0.5752188369915112
15622182,0.16584022651136704
15703793,0.9832863071230487
15769246,0.9410341477424327
15724876,0.2568989784247361
15574206,0.09541775284160246
15759244,0.2903398124343063
15569249,0.8917806429344671
15638149,0.3287389227892794
15591724,0.6090039873606917
15762110,0.058587949865570796
15707114,0.03115793245159971
15689322,0.28187630247645834
15632816,0.7889611525404496
15714080,0.4062845643912566
15646161,0.09766155216111713
15649423,0.08982763322992388
15580805,0.02997876272156263
15628170,0.2702331634273058
15600700,0.6233459646836546
15609176,0.07806107499598681
15772009,0.4795500008346918
15684995,0.477580872067331
15730448,0.16634938163938107
15815070,0.4783294904579215
15651713,0.640282167225583
15692207,0.19936131036647636
15723488,0.7316671175819068
15611800,0.44196470625245987
15757607,0.8143487438490546
15609299,0.2505658446351066
15636767,0.303309954572021
15720676,0.11193525900260279
15672432,0.934838647140438
15662908,0.13791812766913875
15694209,0.06492317130793418
15584091,0.23715481377335268
15699523,0.8907657581082018
15609510,0.4279112793031873
15793425,0.42709101146875
15598884,0.2918669985096547
15594556,0.1384561246344706
15640268,0.2861840637908756
15668472,0.34689657491729103
15658169,0.6379038854334245
15790379,0.3125672849387243
15738166,0.36395422039397113
15661330,0.29222812653648744
15709412,0.03489923991992129
15629551,0.4662557777394254
15602812,0.4128692208358021
15724336,0.7763670078462392
15742442,0.5552589676434753
15742009,0.18659466519289317
15572051,0.36379653017156477
15591509,0.17276395957350205
15572956,0.1565198565992131
15707132,0.042867308779062994
15621457,0.12278081503545592
15577423,0.6399218644469397
15659105,0.7878042079295626
15615670,0.1628885657837802
15573798,0.24703601779460427
15624186,0.39438317237476767
15569590,0.6760085719394369
15649430,0.03272787896919839
15655229,0.43701984090255125
15565714,0.39227690361153417
15766787,0.09622824123685542
15700424,0.33224512529527667
15795079,0.06132753615566155
15606855,0.03176313745521407
15767598,0.0381187409808314
15759298,0.1262050908712362
15687491,0.7984398075947652
15801351,0.0798361126788717
15566467,0.13032649788255984
15640667,0.1636388512287797
15766064,0.13746412430372626
15599301,0.27527915414484583
15779059,0.20415238673872732
15616530,0.4108762863606356
15610781,0.22841356254813616
15622750,0.5693838539702181
15594898,0.5111544355654851
15679307,0.6662056529755429
15569438,0.11825807012256576
15589017,0.9831800661348552
15734626,0.09645389663076429
15753213,0.09458432862904231
15573851,0.7752508033586305
15749019,0.379899538037631
15664227,0.1765797819921499
15709523,0.15609404461420212
15621546,0.21853610333757692
15734987,0.37966216460364466
15653222,0.16551948362737995
15706021,0.17085415843492158
15782311,0.03631055227833936
15697127,0.19476010100814228
15630328,0.45449834786625654
15672357,0.07077824293154082
15759872,0.03058466239268147
15634373,0.03345636053382903
15625675,0.313670356865024
15742369,0.036851429091897966
15583049,0.398910685770939
15627848,0.2117942906667896
15615575,0.03175549294995161
15692744,0.15867795293107237
15596339,0.512285765937583
15780654,0.1499476620978556
15698791,0.6330419067604477
15655590,0.3261137731442798
15669783,0.4010446648122552
15770091,0.17179437132853637
15679249,0.961026422073449
15712584,0.0601789434471241
15611318,0.3850009229359955
15640686,0.6098911389956407
15630466,0.7620367094582934
15809509,0.12110152099161704
15694829,0.1928593675362467
15672983,0.2423713126538236
15769216,0.7339424586762753
15785488,0.10360968086509063
15731330,0.2927469171476005
15709511,0.14669610085206083
15725036,0.29662538536764105
15728224,0.3029666003919641
15766172,0.21968577085149707
15700937,0.050941263476486275
15647890,0.14425017208980273
15571284,0.19466067688988
15768342,0.8889620603888578
15581229,0.19108957813953653
15713853,0.2751163797709828
15595557,0.02801414486118129
15753969,0.4503336104115583
15708236,0.14834988983703656
15585362,0.9591346910069264
15616709,0.34931248881676674
15770345,0.212514093658156
15732740,0.45131711722788026
15659656,0.21465563932283543
15758639,0.054751134577733215
15792328,0.3589231065948459
15728829,0.1633736601848999
15655123,0.9519391394765122
15632256,0.20336042010494804
15809585,0.0791036807711811
15755825,0.07787157036421875
15628308,0.05238125795319753
15733842,0.23853684166287142
15678572,0.1908659682628784
15757408,0.851393992972949
15576111,0.5534444430351667
15723013,0.049109312864840625
15671514,0.06851462546455081
15680895,0.5438167909721499
15808223,0.2722733659417651
15737814,0.3872424064003789
15810826,0.05181293768199168
15608726,0.019288574331531735
15774630,0.7557909021605359
15811343,0.8645378840603755
15692291,0.4062630820279119
15647203,0.564242760708934
15730447,0.16770413558242678
15625501,0.5610704069618437
15801293,0.0772807098390983
15721740,0.6128923145222324
15612193,0.10953956644367507
15722404,0.07139870824082181
15668235,0.35033575221162366
15669326,0.34562435529357005
15702464,0.08407884582735628
15796114,0.25993605887224347
15714575,0.752902975673063
15729908,0.5841079942412947
15750299,0.22949052891169175
15666252,0.062496912025169785
15710456,0.08101485831248759
15765266,0.05169231528568226
15611029,0.5193556402594582
15641860,0.2431612500071249
15604130,0.6937118459384801
15598275,0.05264658802244811
15763093,0.20366039845605327
15609083,0.35489813463129005
15641490,0.06838043375321319
15704629,0.17170066342273976
15787318,0.8789563607953013
15730810,0.2907591749791215
15677739,0.05178367077236887
15758831,0.3322438411594619
15631709,0.17928747187058616
15624781,0.12134628311038628
15689661,0.022361881673632816
15566543,0.1711149457233206
15792176,0.3163031512106741
15661433,0.40326405747177657
15599268,0.03981664619602768
15715667,0.07219457425552712
15666856,0.45900908124937
15802758,0.20497351289353088
15774098,0.21620845051433357
15644621,0.4521232824822176
15788659,0.08596376391001444
15732943,0.31804339603757953
15752953,0.15360250297930908
15809872,0.20698132863544838
15680405,0.14948338077690324
15681075,0.7140818262333004
15806837,0.4309217337422565
15718673,0.2712312400703284
15654878,0.12869592083368478
15700801,0.8891329614641983
15671334,0.43490116735261797
15623730,0.2393048391288841
15665088,0.15085527659368678
15735025,0.20927964391591738
15602979,0.2234793712577812
15754577,0.9372417089550239
15624180,0.9165510449760781
15700383,0.18106457516964422
15714832,0.4904618599473946
15801699,0.08927553047336292
15597930,0.8960212577262322
15688563,0.15726022220731312
15690733,0.14403547752078696
15626507,0.20634837224657054
15585855,0.4076521269515888
15599829,0.0834185389896043
15579969,0.05384106515381197
15714689,0.14759442492641006
15795878,0.08380107351417182
15810460,0.7739861495915248
15600781,0.12248954217567765
15796343,0.19287392248852162
15659475,0.15435357987427836
15647207,0.032953485986308706
15700813,0.17334827979240194
15566111,0.44742865818339506
15651983,0.5100268332441871
15724663,0.11148913072762137
15786167,0.025959859657426455
15593250,0.0671362090226078
15600688,0.14155357757612191
15631162,0.02747355719195143
15811958,0.31066356706339904
15598751,0.9046149186298206
15607133,0.6043258281979101
15636105,0.1002575088616357
15712568,0.36775583065490447
15801336,0.49549737732702037
15655339,0.26339716396008006
15791006,0.38570868377532724
15626882,0.16230120871827636
15654211,0.34367442416077176
15659305,0.2343837687765035
15729836,0.043015243063286794
15659501,0.27421065090815006
15657637,0.6581549750078152
15761340,0.03919681492888354
15586870,0.2501564162187034
15665327,0.1434744315537413
15644796,0.08764195261131555
15572626,0.0870622358779711
15728043,0.25671162878473175
15713596,0.5927804941725631
15684951,0.8212069222599154
15707242,0.08905761760531078
15733777,0.7022172002505132
15761286,0.4266119623534902
15733904,0.19310267854486673
15643752,0.21610787031949608
15579994,0.11954269828602505
15664523,0.22570333246566565
15585867,0.04571713329657001
15743582,0.16581559090215414
15693683,0.045205359697466516
15590241,0.3588223535988011
15757559,0.50712622830128
15719856,0.5802308569118955
15600997,0.1188423742574046
15633108,0.19842552531403035
15773456,0.13156350344919698
15702566,0.19170955174931523
15571873,0.10856931079811168
15641250,0.4569127020560722
15734008,0.9396095177625121
15692664,0.6038813498146679
15724145,0.39263575645743876
15574169,0.5347408340229447
15748854,0.48262784224919714
15661526,0.19195243977310583
15724127,0.14297155255742341
15607988,0.4705411982337495
15661409,0.5630197149275324
15621768,0.6266660587246898
15712608,0.2557003010364154
15719793,0.07710596488999502
15713578,0.26022735314666895
15572728,0.2488022851556449
15621653,0.20869888306121206
15631512,0.2488643233022856
15654851,0.3931736230843061
15733247,0.314595008724235
15638003,0.5811039054491769
15657540,0.5260651969168582
15720284,0.6181440926981676
15581551,0.19844832595351464
15775627,0.04221412405497656
15715079,0.43031358471158737
15592761,0.07485725689419634
15589475,0.8456285187547281
15809826,0.6886104063076676
15721469,0.3963675173306829
15644882,0.35365129727019795
15775234,0.031236589873474576
15575119,0.03701354864461198
15731026,0.332676635843183
15692408,0.11923591113904196
15685243,0.21789631962560346
15815626,0.22785771688112486
15719579,0.05885463216935065
15622443,0.03650829751980885
15734365,0.054307451635630666
15665695,0.21567676058611063
15665110,0.13358974468572102
15773779,0.46313301708154075
15626141,0.10540990383769006
15773447,0.3572884175770898
15762134,0.3991650214509489
15780088,0.30768427788295727
15803479,0.1291562824735919
15717700,0.11166733882110344
15633574,0.46847485355891894
15776051,0.13945754321451287
15574858,0.08661803022778
15612139,0.18894195014478518
15632263,0.26444900925226417
15638513,0.2516508218166066
15677377,0.03933736681589815
15628600,0.681000892429846
15778157,0.10350861784134249
15631451,0.05820685422991011
15744041,0.2588925638342236
15770548,0.5342902579371251
15809178,0.6934228072829511
15603378,0.22284957942349895
15642544,0.035811649825250855
15735636,0.5225312582752362
15683521,0.1954520802495442
15647725,0.9840142301021697
15735522,0.17688225814502245
15635125,0.28947721993010955
15696054,0.379629185588481
15786249,0.04498302304060467
15642655,0.3995059697472902
15634551,0.9649787164657083
15756056,0.08202177762488005
15713094,0.04419164378676968
15645593,0.49573456037767893
15708003,0.3999363419420152
15749583,0.9196017101613346
15748327,0.196310525339271
15656707,0.1230475444057873
15700223,0.4092025372419632
15765952,0.23336702700265696
15764409,0.15724440647936855
15715888,0.2607153684840309
15594815,0.14444685415094283
15712199,0.33796644704303974
15801152,0.28210278652012877
15781272,0.8940278615003584
15700046,0.19363160170646954
15725002,0.054621734759862706
15639576,0.16565730446212334
15717935,0.0497940681345587
15757541,0.14575203642677956
15683375,0.32129138771160065
15759436,0.9236071470164849
15734714,0.2829889660853087
15579189,0.144260654883573
15791674,0.08389888350646299
15672610,0.38077548658513766
15576313,0.5429161920839898
15692142,0.7566230627614638
15706534,0.7630531227839954
15691104,0.3792484265277017
15580462,0.2992967434763231
15660688,0.12662902933319262
15591552,0.26546805156122966
15647295,0.06508292905141345
15795747,0.30406094734621364
15663808,0.39786323047308225
15703264,0.5544125436256683
15626452,0.030006478673724343
15769389,0.6659736695166659
15761854,0.29809384174896875
15775756,0.43350163058021884
15764922,0.32273323235500473
15572022,0.4098904319889024
15773972,0.7063137988290727
15796993,0.7102242416151768
15727857,0.07066799869894032
15802207,0.3285804582404901
15662574,0.3295591926084337
15758606,0.6870360964039479
15734312,0.07519132923514038
15605284,0.028793908318584423
15702442,0.5361911671177768
15680855,0.1595959034780121
15737977,0.05237887806238367
15731267,0.2602058960180248
15682489,0.03717467469120118
15673619,0.229015402964187
15568849,0.20430415881441188
15749123,0.6180292149739637
15712551,0.9603170052365545
15654870,0.17467414360181271
15694125,0.10066396638720163
15670866,0.03848996041487972
15742229,0.46412415840896587
15720354,0.062306640570682276
15628863,0.23383454906355278
15655082,0.9681932055979522
15663885,0.25061473773316845
15728474,0.3519735241708932
15732643,0.664562226487044
15578546,0.3013711819078225
15751491,0.8876251724677511
15638487,0.546499054071323
15579566,0.6070982949006625
15656901,0.12015807048560662
15758856,0.16527134747859853
15585222,0.0845810648263716
15674868,0.21513524483073596
15806256,0.6847636730102168
15612350,0.4689901588208001
15730038,0.42481291391718434
15659325,0.03740451874032974
15659364,0.3000773298502645
15804610,0.14538460040613604
15607713,0.03948033201377226
15670496,0.046956514181850866
15665521,0.11495137413802328
15673984,0.5390413219759114
15620735,0.24932066497945438
15793049,0.8882080639210705
15625740,0.3124355730236612
15751131,0.2893261594315482
15777893,0.1197196034973622
15601550,0.19282200272126754
15800583,0.745755635855834
15640418,0.7212552971186188
15614420,0.25690855460425793
15784923,0.49197897449627837
15762198,0.11531363543252941
15794413,0.13477431710941756
15700476,0.19677698135111255
15665956,0.8441620153938494
15645517,0.02327835287728558
15584545,0.1678551455813669
15679622,0.2556266091151258
15697183,0.15647516676759834
15707974,0.5481438583606881
15644699,0.15058367781150098
15799710,0.18416930537913112
15568963,0.3582885299158225
15768124,0.44382008155692654
15684318,0.5375702024399668
15695846,0.06595586132788749
15746490,0.5269514151267364
15694628,0.2801464051963206
15592089,0.22135410491564333
15649239,0.15999208895944741
15620268,0.6102356766513399
15658956,0.07937065767983591
15722692,0.2732709529067829
15662098,0.9135921400120972
15771977,0.41492154899205697
15700460,0.6353606432196022
15815530,0.637646368673154
15608845,0.3339907473683209
15654772,0.4748687845011632
15745266,0.661082793670575
15715047,0.5798479455651065
15788775,0.23123448722358467
15680430,0.6937754357275012
15677387,0.21969156227319586
15592531,0.10837569777023476
15585280,0.09677944157017292
15778526,0.27302760055544417
15604158,0.23308118900427557
15729956,0.1878969843996971
15637178,0.13590038800448434
15628992,0.1606172590631024
15677062,0.2757355592482907
15736990,0.26098333404498136
15695819,0.39751180473018904
15706557,0.5422368307107572
15633612,0.1622724990968353
15573112,0.23525715764432992
15730339,0.2613559821904967
15654456,0.8232821831313257
15801915,0.24065015328581407
15568326,0.21118238175257298
15570990,0.27258971518865033
15679983,0.3702659680637286
15697310,0.4398330637907595
15603481,0.1877404255977736
15575935,0.41473406867397333
15772421,0.3923665535047264
15624013,0.39547247589923246
15726631,0.3154347162297048
15604732,0.0635347490421933
15778135,0.6982412476001043
15580068,0.039869498563373726
15794792,0.17200543728415513
15613097,0.06341777460481358
15696826,0.16112514971315622
15752912,0.07377662381982178
15740494,0.08915877730695353
15743193,0.20263790546269367
15611191,0.2645790543717378
15625713,0.3348858151488785
15684198,0.2334501572464972
15690620,0.4310343877772277
15705506,0.06302898784814767
15768104,0.3150386715063348
15592389,0.14023082397704445
15803804,0.6185719021233884
15653306,0.4225420727513837
15704795,0.06162031430019981
15684934,0.023134225993337608
15698902,0.7113966927917896
15647572,0.2743512260035827
15579808,0.5281199994924659
15742480,0.17613152543513727
15782210,0.7662019649258562
15593178,0.19523530088488383
15743532,0.49866644551998823
15812470,0.13032790940624225
15748532,0.3264016599780835
15576162,0.10126654267861926
15591986,0.8296178362982818
15762855,0.049959942763906126
15590476,0.03738622380435902
15616152,0.7832345845393397
15766683,0.5224143053563353
15764293,0.03151143794282012
15777826,0.14270086278673755
15739194,0.389578093821637
15715673,0.7510548706058374
15761487,0.7748560717224559
15691004,0.5666730007409793
15762392,0.14196739515775028
15692750,0.9703011581815385
15735263,0.346343492400314
15678626,0.10860752990451777
15704378,0.47992527104571225
15649112,0.2228515710053246
15654379,0.15195748465185946
15704284,0.9373775860463046
15679968,0.4302208729161858
15612455,0.6902720242554357
15668679,0.08032101178536882
15663312,0.3572330175404091
15740237,0.545565184591887
15781619,0.5321434608024953
15696733,0.3222454646089911
15774250,0.4732755132179549
15621818,0.3001072956585079
15665077,0.8455198452658322
15690332,0.19809632495301438
15791501,0.0892105415967592
15788291,0.49243979311298736
15615140,0.17887406142858342
15694395,0.15142016610830047
15713426,0.44743607366825605
15675422,0.1528652702730115
15595067,0.12096262470271257
15738889,0.30939610773281184
15610446,0.9707606375067233
15591360,0.12587827468319027
15637891,0.7207183873932486
15567246,0.10735241464488665
15727944,0.7439177314241355
15752731,0.32542725753423046
15635097,0.1176481866731798
15813144,0.11778486181011885
15782418,0.2423497276349657
15568469,0.1534356327481981
15639322,0.15687984696496238
15626044,0.1254943716702398
15596379,0.5859087424709135
15635078,0.4465722719350649
15658693,0.16934998591051947
15700854,0.4004527469046191
15774872,0.03696888992143746
15778089,0.06747125032562873
15714355,0.3882273429962887
15763579,0.21308703048108554
15645269,0.1571991642050615
15815552,0.3239434014677467
15661162,0.8411027707384164
15758136,0.23976452580979443
15792660,0.2791297070547681
15569678,0.3710096761405816
15704315,0.13655847061757395
15592914,0.049869951072825054
15566633,0.2842512284464111
15680611,0.5535948015061382
15656937,0.24976908238897644
15741728,0.17527778052424742
15690829,0.8628229717095882
15763218,0.14925663563644542
15792365,0.2533666805771869
15610416,0.4635941929879799
15648858,0.16054481911738663
15623107,0.9346048982675514
15805303,0.8016064015830215
15661734,0.313626405028046
15769980,0.5197195129525007
15775662,0.5250153122824002
15577514,0.5346159215336164
15714981,0.3174417212490464
15744622,0.21553878899670526
15733973,0.6575525096271091
15581968,0.06284601199295814
15776518,0.3768089624809263
15765487,0.43587951850023415
15769402,0.1219478152330403
15805955,0.5124561023667497
15638231,0.15822554941168168
15773731,0.10105658683805505
15793343,0.05608580690229298
15778752,0.048535986720802074
15762332,0.10998385012992765
15584704,0.7796392378381338
15627741,0.14179702808803335
15649129,0.02710347417402793
15682757,0.04422001020635402
15667215,0.03833201915068109
15606641,0.9189445761254276
15684171,0.5009720228089333
15797665,0.09115963120378325
15792388,0.5585091096460739
15585388,0.0929565895530125
15708162,0.35892391591442513
15734886,0.21711895035931839
15804038,0.5505571723066853
15762821,0.035883508398905424
15611599,0.05700183520783847
15707602,0.5019359088649709
15814033,0.06550499793454939
15763415,0.5619985871021024
15643392,0.12875005990303823
15782569,0.2847843514127372
15659820,0.09380581954908267
15723864,0.513861343325763
15801169,0.671605712726516
15763874,0.09697667321027852
15617476,0.06276520681816457
15755209,0.20346210460412262
15652658,0.12562747435704855
15757829,0.4314143510402415
15760085,0.6827412178741583
15716186,0.13983575482739502
15766746,0.3003918382850826
15809999,0.291641936711141
15720123,0.067493441036549
15707637,0.9639492777022526
15576077,0.23884766298735072
15667971,0.14686343806278457
15793197,0.2620504375176843
15748123,0.024062179208821893
15774536,0.07724694658380915
15793478,0.5270900629342481
15575676,0.03031167925848565
15638989,0.47883522579097815
15738605,0.7378483519785526
15715160,0.12262685848590721
15617065,0.5931043645310177
15766906,0.1569895442092715
15585892,0.4657775024613169
15627971,0.5698600854050466
15725767,0.038966033098700815
15690731,0.2530892787538652
15769781,0.043628549578827544
15724423,0.24576725862194893
15608230,0.043762547042834096
15687171,0.27028561334206136
15761497,0.7512894097017829
15656188,0.0659143825271602
15795963,0.17868163226566014
15656865,0.2875946164678956
15653110,0.4551588535613287
15681327,0.033841666517137874
15760521,0.5742813009328256
15779809,0.49526639641654524
15696812,0.05785134173094755
15613734,0.12419566604796105
15664083,0.37605719676442023
15676091,0.4469991836877867
15607269,0.5098898817096721
15605279,0.9103789248406817
15645896,0.22714125330302906
15618225,0.228842483742108
15668958,0.2153448140123221
15616088,0.3087456774897574
15782608,0.12496524344699722
15699797,0.2963707402471908
15758372,0.024355431215641696
15658852,0.042040930776937976
15734970,0.36474977476456355
15664849,0.6446513508534979
15569247,0.6369922585718648
15807239,0.3173552548656588
15629739,0.35169706791672695
15619016,0.4691475864667328
15737605,0.4924874477505322
15625824,0.8748259422693851
15639368,0.1527617097699943
15568328,0.04841588640116664
15674573,0.15654903226084443
15675185,0.5401122800752338
15716608,0.7057904517030908
15624866,0.16980080450796686
15600792,0.05414884597197998
15781307,0.27476351107903374
15595324,0.9441589602878994
15636330,0.6596594214308815
15809736,0.5913416507457065
15737310,0.1560001238841095
15632050,0.4743832906273142
15734628,0.10073320301529173
15727556,0.20651800270901988
15704597,0.20154716058918626
15682211,0.24866085133157553
15611371,0.3662203162822858
15720338,0.3641888174526998
15716518,0.08751656591640827
15572428,0.3937425440059805
15813422,0.2787215732063931
15799435,0.388254934709533
15778604,0.29899002334305347
15677020,0.7268789282685559
15745030,0.11551710035839825
15604314,0.45788253056203243
15790678,0.2531292940906459
15763704,0.3215948372884302
15806332,0.12845642746015087
15754649,0.2003576574352165
15614847,0.6310655662350461
15638871,0.06426563777142598
15699963,0.17691758643470656
15605791,0.14874659683462152
15732113,0.6669170019988504
15780572,0.04252406787102954
15662151,0.47205099681888996
15711750,0.07022661104525979
15677052,0.18217657607136173
15621267,0.36028226954767806
15650538,0.7262075964480048
15643158,0.5999166461631235
15647266,0.6514498170423961
15682528,0.31225648941431394
15715142,0.6890173301062099
15754267,0.18428852155823935
15578788,0.07159316603393809
15794868,0.191506375903552
15720508,0.2303764015192486
15750335,0.9469541784373474
15693543,0.08771937148774286
15621021,0.17641257468103916
15599078,0.6291913372023342
15571973,0.4693741732001496
15616525,0.240231370219327
15778005,0.37180168878651976
15793813,0.1659659703560348
15692430,0.2189615773127364
15794297,0.05227533893515506
15706899,0.03523356109185814
15805627,0.03911408311105398
15711455,0.5794058395765995
15574743,0.2824759030559525
15566295,0.18472235242712826
15720110,0.13340506839759736
15786392,0.3862576212706695
15673238,0.8255200296053996
15659092,0.3361141814282699
15688085,0.18748990503384616
15615032,0.09195106840723176
15799815,0.24074686566051273
15764604,0.8849727455260603
15775318,0.9407452773337496
15581479,0.130603874580277
15715796,0.07161635614905482
15607040,0.2880778807375437
15706365,0.5561446356042745
15690678,0.2212814474031949
15619436,0.43273521666011366
15800366,0.27704964749161887
15767231,0.2552139736102298
15759284,0.35487964572395553
15745001,0.10030332526762599
15631838,0.37668186929426883
15568238,0.021956113161343337
15776211,0.06443509176937129
15637979,0.26788330672303867
15569098,0.5265389417775254
15638159,0.36346896221518843
15596800,0.23392317273204166
15677796,0.8652702367757976
15668886,0.14169947368013674
15643378,0.24129009143628677
15808526,0.7171021511499469
15645136,0.24423937882247054
15719348,0.3846353219590381
15681887,0.24837917317760827
15633419,0.16252387279151334
15811290,0.5144383480332376
15710053,0.43564792569281563
15720745,0.15084732554006644
15653620,0.053392983765964463
15616168,0.18516174076235042
15795895,0.23279085648957834
15802220,0.29230367006249414
15711181,0.30906285369240194
15576304,0.13459214881507853
15595842,0.828184842858932
15747323,0.7328859344085967
15647842,0.8876031334023935
15741865,0.22068384886608192
15662091,0.10354515446696971
15794874,0.26370583426185357
15624519,0.872811871394673
15638751,0.11189918075447666
15702095,0.9286935752859266
15630241,0.590301463486637
15717290,0.2518632971901109
15789379,0.19074544265693696
15753549,0.18127187807436376
15653715,0.12466665711406552
15732437,0.4992251299641655
15729412,0.21101585003525847
15629078,0.6618266469051632
15722991,0.8777245892080453
15597968,0.8598524331142806
15609637,0.15938112363729365
15609558,0.4359810707674624
15726354,0.31055795459634494
15701333,0.34193414895634866
15626898,0.2069546954110585
15671387,0.15407717552391115
15632143,0.18851520021868456
15702293,0.06952834151197448
15583033,0.04720727326952924
15657228,0.16986117194229736
15668309,0.5352395178258125
15745452,0.5985874104333166
15672374,0.8513235389392134
15746726,0.3116952075869342
15740846,0.24114023940473878
15804211,0.15891322022027557
15657085,0.11907114262314522
15699047,0.07357374958324225
15675983,0.34231523672646647
15788483,0.4858367802668421
15612207,0.7414953376681809
15603743,0.13209929857589403
15752081,0.8686905359666461
15724154,0.8892605497307517
15707011,0.6632228733824512
15586914,0.17242965711058014
15578006,0.05016900551495021
15755638,0.4592989972694326
15664001,0.9274332556484043
15567778,0.7375036139464376
15677921,0.8456642209338989
15813067,0.8607886381950945
15699619,0.2657589278342259
15729582,0.7855625152638812
15743714,0.6074087652479666
15653696,0.0560315170801038
15659355,0.12321977506899762
15685500,0.12640690086333886
15757628,0.2164408874777586
15583668,0.41898417651310094
15607753,0.26142029672684763
15741417,0.22299495294481275
15679818,0.5013709106742141
15764335,0.3909894947170138
15638610,0.9470749026455285
15810775,0.4101274993466463
15813113,0.9543374243443734
15634896,0.11909403524863785
15742681,0.3647409839315746
15665861,0.3986405319657658
15760216,0.8760257247337047
15632609,0.36502454227524156
15684722,0.15731336159491324
15800228,0.10658826043231423
15724099,0.1252499811173456
15736271,0.4530290545461535
15767626,0.0703247404838214
15743760,0.07805657170610152
15734999,0.2822048349641511
15794276,0.5550127278574408
15637876,0.3904221146386503
15711521,0.2140151373931079
15640409,0.7213946804122275
15809347,0.4024611379898022
15790846,0.4412137337920344
15579892,0.10449400900124395
15596011,0.23933444199830728
15713483,0.9170460884066145
15650244,0.1340613050813274
15814940,0.06039748039721529
15642162,0.49823798906202765
15716800,0.03854577093904159
15649183,0.6574939727989686
15786153,0.5681048042088913
15612627,0.1640244143354086
15567893,0.19095666820447577
15702806,0.3280880737524118
15710316,0.44215015742940744
15659949,0.09301381131239955
15776096,0.22464402092991492
15801256,0.13178927417649167
15769522,0.4956268630311579
15652289,0.1639901302643338
15662403,0.19306770919919913
15781987,0.11105617896736636
15727311,0.18706751164113983
15698749,0.36560423735091757
15750602,0.2337418352277018
15757632,0.37296341432476443
15792107,0.3404382369284562
15805690,0.50513318232743
15701074,0.3855475932062185
15809654,0.4546977353916294
15742834,0.5885037930097162
15636572,0.05657732535066447
15810660,0.14676626769657897
15703482,0.14536146994067484
15774402,0.4662622902074419
15762331,0.3252567767411371
15644878,0.5849124276041544
15690796,0.4332800019671947
15755138,0.05585412642420926
15792916,0.2813885726204738
15654222,0.1700071742977437
15723320,0.22053162342050392
15761886,0.1946354739689466
15724223,0.9524717439009018
15784286,0.2179136450017789
15685309,0.29523838378006034
15726167,0.03581754958759572
15635703,0.4786064157962081
15627801,0.32383196621193944
15636478,0.12135068881319311
15716023,0.037324782508287475
15723153,0.04459863803117182
15654296,0.4070102780986996
15776939,0.6571046744940019
15743293,0.8476125045615083
15747208,0.8287880864717474
15611058,0.4158788124008721
15572093,0.2756394279203195
15629575,0.2727686114736615
15569451,0.1415366931121341
15623357,0.37711741078877886
15677307,0.6972488118373816
15624424,0.19244548092557348
15737521,0.32704969052821625
15623791,0.4993226717929108
15798850,0.03967460659275369
15721835,0.2244486665390295
15730441,0.03543615993120015
15751912,0.045771534909454396
15764226,0.4178801976102481
15687218,0.18446018730084457
15716347,0.1493905439107655
15683544,0.5482418741299517
15658675,0.48566781575107637
15632118,0.6055194906842443
15625426,0.9341289030172456
15627251,0.19086273480410848
15789563,0.7330276624784177
15700696,0.13160192419611322
15572390,0.10165886289777
15588535,0.14207826454037054
15741180,0.42446000665839156
15723217,0.4123029981199803
15702789,0.15795646428175902
15619514,0.6400660006353589
15778884,0.13344429019780174
15585865,0.29580989637838073
15788367,0.4299999621341765
15737778,0.6624908973974685
15569572,0.05508026409732075
15685245,0.2998663391539264
15566139,0.47046442128207916
15653937,0.9558768450779366
15726358,0.044363191891775657
15812272,0.3561559508272509
15628059,0.2483786511720884
15664737,0.08834647020230316
15769703,0.8483127149937698
15572792,0.15253664990819693
15640161,0.34631882935103603
15800412,0.14408171456153393
15607509,0.06586642485196154
15788025,0.25740703682163607
15594041,0.4338387314423471
15695475,0.05758089084710273
15781702,0.19211154687753096
15779176,0.9551795919926486
15791326,0.4563974361159187
15710366,0.5025406320829359
15775293,0.26389432613158254
15786200,0.04245833915513295
15704657,0.3395858476885451
15645029,0.071073951261725
15597945,0.08928762549462699
15583394,0.1135168969851715
15584114,0.23134282622551178
15627365,0.1361954703362479
15571281,0.10869798721468185
15714680,0.0991592657900981
15705890,0.6090519495627018
15673907,0.02718927162152634
15689201,0.6198154351047016
15757897,0.1470292181827683
15635531,0.07015239315605779
15646490,0.3854416571802608
15589019,0.2239397438850053
15599211,0.07916000565559755
15680001,0.22118058971313748
15801832,0.6365027100408529
15631813,0.04642665165765278
15566563,0.24486083841078998
15598892,0.06632324609414508
15579223,0.5270229606941644
15653572,0.41554231535908215
15726494,0.6384532262060454
15710012,0.12412816044730522
15752186,0.06015729834933575
15733387,0.49777146287033275
15749103,0.7954606733130551
15763414,0.40554722847440977
15583552,0.7366619309396043
15693764,0.8366235621604998
15699309,0.568392957084547
15757568,0.6218722414089982
15743075,0.03599279776936332
15728564,0.06182023165378597
15623502,0.5194476088038151
15815040,0.7173119628935838
15696514,0.6838217074014191
15775750,0.2732274237227792
15809838,0.07902294027960338
15621075,0.49829041848239297
15742607,0.3327508614002334
15574947,0.11916498211870097
15575619,0.18569726490179855
15650545,0.17792249160061288
15765461,0.19974417113424697
15598802,0.028030256164350002
15815615,0.18352002782695626
15584785,0.25235522428832086
15594915,0.09976984095162336
15688059,0.288724773281903
15569503,0.06935230190171401
15608804,0.6908000940072454
15807961,0.3160137857897986
15653315,0.09190233496973532
15667458,0.35600344848353394
15722611,0.5282137534769786
15682355,0.218341704966666
15620103,0.3297710234786938
15815490,0.923449936194648
15603170,0.1928928733268519
15776494,0.3508955808759602
15767921,0.08517397570573662
15702337,0.03718800522649471
15728333,0.5117380506005996
15793247,0.03917379226980679
15675585,0.20839091544318072
15595592,0.9625540650359441
15802869,0.4156790931713872
15672016,0.034646388363796646
15767594,0.10598953790303571
15579583,0.2833928809520369
15798084,0.0649028087729048
15771059,0.4277673664132686
15659366,0.2617251334148967
15621685,0.13134555681128868
15631359,0.3288707282447526
15777614,0.12796376996577463
15618203,0.4399297254066302
15813034,0.276030596028584
15723604,0.35302574929950115
15766166,0.3759753791490349
15787825,0.35114309300852053
15646817,0.6140769499310418
15610753,0.12611441998338027
15594576,0.22415930726434746
15795640,0.18676490672783824
15615004,0.08285780815904265
15743673,0.14022924820429858
15598331,0.5046432884551653
15660535,0.16895176657941857
15608114,0.4711895836586297
15662232,0.27519334063803613
15634936,0.32437966981171323
15654074,0.27585335022429547
15586300,0.049557472760141545
15698732,0.9286051168036092
15617934,0.1456536406210218
15806049,0.8969094268031346
15733111,0.14974078287013104
15706163,0.8380740079653994
15582246,0.17722772162292322
15592570,0.04201679290052264
15633546,0.2835966068004252
15695225,0.03767307288813431
15573730,0.33432421340409085
15743976,0.3751961763593362
15666181,0.21693009920163875
15641110,0.5522554871468519
15782100,0.24019316665323065
15777436,0.07476191487957695
15744398,0.08553214964219857
15572174,0.08445221607243192
15803976,0.06472044763497559
15671172,0.07143685601200753
15732265,0.03209824567199685
15677317,0.18610852256158933
15757385,0.3144276811964207
15792722,0.7059810110480322
15606755,0.2286504157379309
15803378,0.07109309787224954
15578297,0.8162721925109103
15667632,0.16051980744822253
15731760,0.2518907680525623
15578761,0.2930013778522587
15768201,0.217818811521152
15637690,0.5019344730038553
15788535,0.7143598767964037
15591985,0.5678286749103669
15771580,0.21215205657808242
15802625,0.5797535785663102
15802617,0.4781125155228535
15584580,0.23824646687334583
15736420,0.09863625600169575
15719779,0.12272556739019837
15646859,0.7142886511998685
15767894,0.04203152366196864
15814690,0.5710981318453576
15755863,0.260245161772662
15784736,0.6375490130400201
15756975,0.09228462538248478
15753110,0.7160431419257929
15668575,0.7727475382202328
15712319,0.33575894374548676
15692002,0.23943984472690857
15789941,0.30921761741591774
15582762,0.11988235528787501
15632345,0.09782057522587095
15720083,0.0816544105647427
15739858,0.5894899261565942
15697034,0.06324151026581759
15735400,0.41585425758479366
15726310,0.07759657164620028
15708063,0.8585871576344751
15811690,0.9390172170857046
15646535,0.653702242194812
15810454,0.15971316577201694
15609254,0.32401034773930193
15794414,0.39883487693493136
15799811,0.49341769002791336
15589660,0.3821409700015596
15773260,0.23592996645378
15747821,0.519396531713554
15581620,0.5216102649701972
15758510,0.05889732901638947
15797381,0.4940708428489716
15586880,0.24503020645159362
15720687,0.5109755854412279
15792180,0.14555099803554522
15654859,0.8553408324986075
15704483,0.08236644142874888
15572361,0.3345978350982043
15796071,0.2295138930631891
15736302,0.09834203356049759
15752838,0.038793092161084154
15596624,0.04551944711033767
15646942,0.13184679481950248
15728006,0.5534016957859074
15665222,0.8460629230854574
15576263,0.3662105594157059
15668323,0.3754187490926051
15781665,0.4903682360031497
15763274,0.6736072634985341
15798824,0.259345045556771
15782875,0.13295943141318117
15737385,0.2207712222504171
15711834,0.46064506878636985
15812720,0.11228166049948031
15656717,0.09357880150816014
15790455,0.7464434045049456
15627517,0.21416347749742687
15615430,0.716739813303125
15785705,0.839514667004691
15750929,0.07200050286935056
15744240,0.7009854098821308
15645184,0.04846549133569092
15715769,0.15796271944639795
15633586,0.3854352048697276
15602844,0.3271066830067931
15790497,0.06494237148212924
15771569,0.7186036179173169
15718057,0.8820816872324513
15684469,0.46250791749042186
15753874,0.21431453017407665
15607275,0.2601853755988768
15751392,0.6586256050322048
15782364,0.4293804252827219
15768219,0.059614682107838
15574115,0.2387287936286987
15716324,0.16082457397222788
15587913,0.16360548592160715
15730579,0.19724126812110346
15624993,0.20420107657261738
15598493,0.14303483340624037
15726313,0.2964210353439325
15748797,0.4798435398948656
15723299,0.44318532338553995
15570271,0.37144362139311127
15725679,0.8969626124376993
15718852,0.3968161769645688
15758901,0.8736339253137715
15711446,0.9621188865327044
15714380,0.04817985390895052
15590094,0.285755364739387
15623062,0.18033021846960556
15712483,0.06874736330016715
15605804,0.1895751635996267
15604146,0.2963453068656967
15629187,0.2931918660042327
15736778,0.4209848416033454
15601045,0.22522922716434246
15609928,0.3046656513018332
15648032,0.04942875307070263
15705707,0.17455934839095621
15646374,0.12191305088890321
15715715,0.03442033246333545
15623450,0.3770594063309427
15808760,0.4818867065323881
15710375,0.07891542215692122
15600832,0.7370906612534696
15786739,0.1504031044496984
15703763,0.3438300579283876
15616666,0.6227937755463253
15800229,0.5479015280584727
15594786,0.35398337071054453
15581197,0.6102116885858002
15732610,0.07641216007398978
15797751,0.7616514258106614
15756333,0.16710355273445018
15765982,0.2571287199172917
15748995,0.027549176158771588
15596088,0.4849042976216287
15582149,0.09824741689938457
15588350,0.4908075867647705
15787597,0.20056814886899615
15750056,0.15551762204050681
15775905,0.7328773034871845
15574584,0.11250746094345422
15745201,0.3031851176762457
15722004,0.27699181037219445
15678058,0.2841149111582886
15794472,0.08019927055048573
15679770,0.9363214557552619
15627190,0.4384723121079249
15570004,0.037414308918557314
15717328,0.14539712975739
15701281,0.026421407391257416
15749807,0.0790259452192387
15601263,0.29606465084544487
15589348,0.17349152432687762
15619238,0.030214704358671924
15633274,0.24932682895156022
15601026,0.3105714932081355
15795571,0.22209620108714279
15575060,0.05009461820687717
15617518,0.2718470101975431
15587210,0.8234117324600732
15612087,0.41056713311594617
15632850,0.03914000338287153
15600258,0.06742547124057224
15624695,0.2566076786753059
15601659,0.8975095542486089
15800434,0.8389954630097531
15629273,0.6607588218533115
15723263,0.4243186296128084
15660263,0.13539151020787488
15627859,0.415218789841313
15813681,0.10590927956133808
15661821,0.759764801884982
15662736,0.6916080889811035
15620836,0.20723576090645535
15656484,0.052808497658366794
15738634,0.4584798874939221
15578809,0.24336848172654765
15675337,0.5521520012500065
15733476,0.19372942221506562
15669342,0.22115231663102586
15768451,0.9179165723414688
15624391,0.25380454921112333
15811588,0.9284639965427302
15793901,0.07917392178725526
15682273,0.3449452026326531
15580560,0.17950393328284645
15626233,0.06859995428342837
15598086,0.7986975297901844
15690231,0.4646942288729663
15655274,0.06332350603654831
15681758,0.048179407607518085
15804822,0.06204787442065379
15714493,0.0581949420140262
15677105,0.855017535252738
15605926,0.31513600900456695
15727915,0.28096049779531834
15730759,0.2854582775485122
15810075,0.2414113890490341
15667216,0.0860645822281392
15694039,0.5835068546631054
15761477,0.1556694911090821
15687738,0.16145245025524257
15733119,0.05341659519951168
15738411,0.11769195846302205
15690188,0.24293472891939222
15651020,0.1495175894925889
15640627,0.04405273074337907
15647965,0.49067661151250763
15711977,0.26016359341209444
15668081,0.18194539621237316
15647898,0.9689184776456986
15756804,0.7498896942437975
15785920,0.1274690270719758
15654531,0.1090473548473914
15792329,0.2691610973281947
15684211,0.6095017101505043
15587562,0.29621201307204204
15769064,0.6357882605869254
15718588,0.13567224045672163
15753362,0.10676998839623182
15679642,0.07706746600727521
15636388,0.41207763914684065
15722758,0.08970479050467209
15765902,0.11036795845045748
15682533,0.3785030770202342
15731478,0.5518779887450632
15733297,0.33509131295305755
15675141,0.37724511706973024
15697844,0.38419699754309344
15627412,0.0729220256282505
15757306,0.8206360113851141
15781495,0.11381192440231626
15730273,0.2662077290417839
15777904,0.1548973300482657
15757952,0.8788038515565242
15654292,0.1874868755511319
15703117,0.18345110712274165
15782231,0.07353716161141884
15623566,0.3134156221559146
15674433,0.6048908492042322
15809143,0.278694395549707
15584320,0.4006070952843596
15684440,0.29857912968376804
15658240,0.46102434900464867
15576126,0.3217658091577318
15692235,0.13965567012697525
15793307,0.905928741990286
15747534,0.7377800667820916
15789714,0.10891299580858282
15751227,0.6746263844536873
15722813,0.2580363038846204
15669060,0.23615200223859353
15677112,0.23262958152439378
15783541,0.04220337828669628
15627377,0.05558491821252622
15743617,0.8585114771906796
15767891,0.17283041568972582
15594408,0.8236731932457166
15807457,0.09517390409162355
15673908,0.5084713520071015
15736578,0.4114742399954331
15721507,0.22568550371235072
15794849,0.10217572860461013
15618255,0.8872380719368579
15581840,0.044637546768424664
15689176,0.11469653302025293
15643794,0.2963755497314013
15583680,0.4589195844298562
15632665,0.5801955259336278
15789582,0.9397653069623249
15758039,0.1002604847769753
15579826,0.9196320175117182
15674000,0.10372066443542324
15778320,0.6441574947786695
15724691,0.037875810457559014
15807473,0.04531555509406432
15722322,0.05232187547916062
15690670,0.0467460175324686
15771509,0.38805447242373325
15701946,0.2104445005307362
15707322,0.7099372456132941
15591150,0.03038369962641921
15728917,0.675008795028589
15808780,0.0699311277024404
15692132,0.1525234117818695
15636736,0.30113996648585334
15764405,0.021868046155939194
15732299,0.577010671404077
15798888,0.4101684194770866
15603454,0.11454986958842966
15735549,0.08748469203864843
15613180,0.18342259314220855
15771087,0.25585248307578645
15674833,0.1020065816944914
15810167,0.12726461897169344
15675320,0.3424658327353817
15748882,0.030254681710644937
15619537,0.10669185122311622
15669301,0.5407317968263962
15591169,0.8978279523062749
15699430,0.09215988921673136
15587394,0.20432509265798965
15729454,0.1014645992256588
15723481,0.0798117531065312
15654733,0.944130322692041
15718245,0.033713975010027056
15661656,0.12935649588755088
15790683,0.10291600690575446
15588928,0.09267033236301814
15606849,0.127878095594193
15693322,0.5109080375718273
15607176,0.23137484289908036
15675854,0.4779296874420489
15745533,0.8178615089807129
15678201,0.6697059810934302
15605339,0.1716631182615352
15707110,0.1336820609611739
15747649,0.2913288489843409
15700965,0.07073150069574605
15748595,0.09833570185515839
15698716,0.6917196189221371
15581626,0.5754146547912422
15725039,0.1615007727475997
15685357,0.24930054752870023
15805463,0.11106253489142294
15813590,0.09426946777372172
15635502,0.7264618417581372
15627484,0.7073519096925447
15747014,0.12396036821812312
15753591,0.08384509555990441
15797905,0.2454512351221652
15656822,0.9206890181616582
15636428,0.8473578851594166
15566594,0.029039479414330757
15719649,0.340023174276527
15631339,0.37914465904666844
15691792,0.4486164031755024
15593280,0.632108455786603
15811589,0.10213395070400422
15691817,0.8768618429477958
15714466,0.6902429076764036
15804017,0.5505176527987243
15615016,0.042895543165692225
15812920,0.5833425796436289
15794841,0.2318670169732226
15767488,0.048883275138093304
15583392,0.9422534297219901
15614103,0.5861164221193634
15613623,0.5310434217133057
15589805,0.22137552941475824
15648030,0.24811499946378543
15709653,0.045368063754113716
15729083,0.17862735449542694
15625881,0.17963833061312953
15724321,0.8968875885210976
15685109,0.06889390814076517
15652218,0.2588940630025099
